time,open,high,low,close,volume
1754055000,18600,18606.13,18594.6,18600.68,2817
1754055300,18600.68,18621.01,18582.38,18616.19,1703
1754055600,18616.19,18625.59,18607.0,18617.32,2334
1754055900,18617.32,18625.94,18611.36,18621.03,4510
1754056200,18621.03,18654.2,18618.63,18635.48,1939
1754056500,18635.48,18650.82,18624.21,18626.83,743
1754056800,18626.83,18635.46,18613.05,18632.04,1671
1754057100,18632.04,18632.31,18616.55,18621.55,2564
1754057400,18621.55,18661.73,18612.08,18652.33,2275
1754057700,18652.33,18679.02,18635.47,18670.72,1322
1754058000,18670.72,18671.36,18643.22,18653.37,1943
1754058300,18653.37,18669.46,18652.03,18660.95,2252
1754058600,18660.95,18688.26,18658.18,18683.52,3592
1754058900,18683.52,18685.46,18660.6,18668.36,2489
1754059200,18668.36,18672.49,18652.36,18658.71,1964
1754059500,18658.71,18674.05,18635.08,18641.53,3539
1754059800,18641.53,18650.98,18633.69,18647.92,2744
1754060100,18647.92,18666.29,18647.08,18650.12,3304
1754060400,18650.12,18670.01,18632.61,18658.31,2869
1754060700,18658.31,18709.29,18655.48,18691.47,227
1754061000,18691.47,18706.38,18671.58,18705.27,2170
1754061300,18705.27,18720.34,18655.38,18671.16,1358
1754061600,18671.16,18678.54,18662.22,18668.21,2667
1754061900,18668.21,18688.55,18635.82,18636.61,2607
1754062200,18636.61,18648.42,18634.26,18646.43,1664
1754062500,18646.43,18651.57,18632.27,18644.53,2391
1754062800,18644.53,18650.03,18637.81,18646.06,2686
1754063100,18646.06,18652.06,18628.63,18641.82,2765
1754063400,18641.82,18683.01,18631.46,18642.17,3267
1754063700,18642.17,18656.65,18628.82,18644.73,2420
1754064000,18644.73,18657.68,18632.78,18645.61,2716
1754064300,18645.61,18670.57,18638.88,18645.93,1576
1754064600,18645.93,18660.31,18645.54,18658.53,3114
1754064900,18658.53,18686.05,18656.13,18662.47,2726
1754065200,18662.47,18688.61,18650.55,18681.97,2445
1754065500,18681.97,18711.88,18677.03,18701.88,1061
1754065800,18701.88,18702.06,18688.62,18694.45,4276
1754066100,18694.45,18741.16,18685.53,18725.36,3626
1754066400,18725.36,18748.87,18719.64,18732.76,1487
1754066700,18732.76,18747.6,18715.24,18718.3,4523
1754067000,18718.3,18725.93,18688.67,18724.68,2084
1754067300,18724.68,18727.78,18717.22,18722.18,2221
1754067600,18722.18,18750.13,18715.55,18746.69,2701
1754067900,18746.69,18758.2,18731.63,18732.23,438
1754068200,18732.23,18733.43,18730.53,18732.49,2431
1754068500,18732.49,18742.57,18724.92,18738.46,1036
1754068800,18738.46,18764.19,18732.73,18753.82,2082
1754069100,18753.82,18763.14,18730.83,18746.66,1524
1754069400,18746.66,18749.23,18723.29,18726.36,2539
1754069700,18726.36,18734.0,18699.52,18710.17,1574
1754070000,18710.17,18729.02,18708.59,18720.45,1411
1754070300,18720.45,18754.01,18718.12,18752.51,2164
1754070600,18752.51,18755.63,18734.22,18736.59,1744
1754070900,18736.59,18752.14,18731.43,18738.58,2415
1754071200,18738.58,18767.1,18727.94,18756.25,1788
1754071500,18756.25,18765.66,18725.01,18725.74,2169
1754071800,18725.74,18739.2,18718.49,18733.92,4120
1754072100,18733.92,18743.8,18695.35,18707.25,4091
1754072400,18707.25,18717.53,18696.54,18711.53,2529
1754072700,18711.53,18718.16,18676.01,18676.32,2407
1754073000,18676.32,18689.98,18649.75,18668.33,2620
1754073300,18668.33,18668.79,18661.04,18661.7,4244
1754073600,18661.7,18677.41,18627.46,18643.88,2387
1754073900,18643.88,18658.31,18623.62,18633.66,4332
1754074200,18633.66,18638.97,18589.45,18597.52,4200
1754074500,18597.52,18618.53,18591.5,18602.82,2676
1754074800,18602.82,18615.93,18599.53,18604.91,2090
1754075100,18604.91,18616.26,18602.25,18613.02,1975
1754075400,18613.02,18632.74,18603.34,18626.2,2115
1754075700,18626.2,18629.78,18598.29,18620.82,3713
1754076000,18620.82,18646.72,18616.22,18631.26,3174
1754076300,18631.26,18634.95,18610.28,18634.6,1970
1754076600,18634.6,18664.43,18628.0,18644.21,2347
1754076900,18644.21,18651.14,18602.53,18627.27,1550
1754077200,18627.27,18660.9,18614.61,18630.1,3375
1754077500,18630.1,18647.42,18601.25,18617.58,1354
1754077800,18617.58,18643.0,18591.88,18605.05,3176
1754078100,18605.05,18636.92,18601.94,18625.87,3106
1754314200,18625.87,18640.47,18589.87,18614.97,2457
1754314500,18614.97,18621.94,18597.31,18601.25,1829
1754314800,18601.25,18602.25,18593.03,18598.93,3526
1754315100,18598.93,18614.1,18571.93,18590.86,4164
1754315400,18590.86,18595.63,18555.12,18583.89,3502
1754315700,18583.89,18623.39,18575.84,18621.37,2027
1754316000,18621.37,18637.17,18616.69,18632.24,4534
1754316300,18632.24,18667.69,18627.1,18654.95,3034
1754316600,18654.95,18682.17,18631.77,18642.53,3860
1754316900,18642.53,18655.94,18624.76,18633.62,2322
1754317200,18633.62,18634.67,18621.47,18623.92,2630
1754317500,18623.92,18629.38,18586.42,18620.45,3557
1754317800,18620.45,18644.37,18606.25,18611.89,1106
1754318100,18611.89,18635.86,18575.19,18588.68,1507
1754318400,18588.68,18595.31,18562.31,18564.75,1374
1754318700,18564.75,18564.86,18547.57,18555.08,1641
1754319000,18555.08,18567.24,18548.73,18564.3,2009
1754319300,18564.3,18575.48,18537.95,18544.68,1886
1754319600,18544.68,18552.68,18507.9,18531.42,2822
1754319900,18531.42,18576.99,18527.5,18573.45,2929
1754320200,18573.45,18609.28,18571.77,18591.52,3635
1754320500,18591.52,18594.24,18556.5,18565.16,4043
1754320800,18565.16,18591.73,18540.95,18591.32,1494
1754321100,18591.32,18606.92,18559.92,18567.74,1464
1754321400,18567.74,18596.04,18559.25,18585.89,2095
1754321700,18585.89,18605.8,18561.75,18564.35,2354
1754322000,18564.35,18570.98,18544.88,18555.68,1467
1754322300,18555.68,18578.94,18535.64,18543.15,1920
1754322600,18543.15,18582.19,18524.19,18560.9,1340
1754322900,18560.9,18576.1,18535.5,18546.81,1826
1754323200,18546.81,18563.2,18530.71,18562.34,3197
1754323500,18562.34,18562.52,18534.12,18541.36,2106
1754323800,18541.36,18547.59,18536.32,18543.31,570
1754324100,18543.31,18548.81,18518.91,18540.58,2273
1754324400,18540.58,18540.61,18530.79,18539.87,1454
1754324700,18539.87,18541.43,18537.24,18537.57,2263
1754325000,18537.57,18538.46,18512.7,18528.32,3958
1754325300,18528.32,18549.79,18524.56,18528.01,3352
1754325600,18528.01,18529.89,18497.55,18524.54,3779
1754325900,18524.54,18548.63,18519.15,18525.38,3814
1754326200,18525.38,18549.36,18518.7,18531.67,2713
1754326500,18531.67,18569.03,18523.14,18566.28,2199
1754326800,18566.28,18578.85,18550.65,18566.9,1258
1754327100,18566.9,18581.57,18556.32,18556.84,3575
1754327400,18556.84,18571.39,18550.85,18569.68,4441
1754327700,18569.68,18603.23,18540.36,18588.64,3867
1754328000,18588.64,18596.8,18582.14,18592.35,4532
1754328300,18592.35,18613.85,18569.39,18575.15,2502
1754328600,18575.15,18586.03,18558.18,18565.22,2466
1754328900,18565.22,18588.91,18541.7,18566.4,4075
1754329200,18566.4,18580.9,18546.59,18560.16,839
1754329500,18560.16,18599.31,18552.16,18588.92,3793
1754329800,18588.92,18620.45,18585.58,18617.05,3055
1754330100,18617.05,18633.79,18601.27,18631.53,4764
1754330400,18631.53,18638.48,18611.84,18619.03,2465
1754330700,18619.03,18656.81,18602.05,18628.18,2089
1754331000,18628.18,18634.44,18613.12,18633.9,1699
1754331300,18633.9,18653.56,18611.8,18618.01,2865
1754331600,18618.01,18640.61,18603.99,18630.4,2178
1754331900,18630.4,18645.15,18602.05,18612.47,1210
1754332200,18612.47,18623.45,18610.81,18621.85,3151
1754332500,18621.85,18625.3,18604.36,18611.99,1916
1754332800,18611.99,18625.9,18587.61,18594.77,2299
1754333100,18594.77,18621.77,18566.76,18567.4,2704
1754333400,18567.4,18599.07,18564.16,18578.69,389
1754333700,18578.69,18578.74,18567.37,18573.83,3845
1754334000,18573.83,18577.83,18557.39,18566.66,3207
1754334300,18566.66,18576.67,18553.56,18555.44,2667
1754334600,18555.44,18579.7,18550.41,18561.14,2718
1754334900,18561.14,18575.48,18544.54,18555.11,1865
1754335200,18555.11,18577.62,18548.34,18575.27,3628
1754335500,18575.27,18584.58,18556.59,18556.99,2308
1754335800,18556.99,18565.08,18527.1,18529.33,2702
1754336100,18529.33,18543.66,18520.02,18534.92,2809
1754336400,18534.92,18540.25,18518.26,18528.16,3614
1754336700,18528.16,18536.26,18479.39,18487.68,2228
1754337000,18487.68,18500.13,18466.46,18477.15,2265
1754337300,18477.15,18490.17,18471.37,18484.31,2581
1754400600,18484.31,18511.44,18477.85,18500.93,2461
1754400900,18500.93,18516.17,18475.03,18495.5,3029
1754401200,18495.5,18503.69,18476.42,18500.29,1934
1754401500,18500.29,18509.21,18483.44,18483.77,2808
1754401800,18483.77,18487.36,18447.48,18450.82,3484
1754402100,18450.82,18468.26,18422.12,18445.66,2027
1754402400,18445.66,18457.39,18427.34,18441.6,2518
1754402700,18441.6,18478.87,18430.46,18461.0,2919
1754403000,18461.0,18482.2,18452.89,18476.31,2117
1754403300,18476.31,18523.72,18473.05,18499.76,1950
1754403600,18499.76,18545.58,18498.06,18532.58,2498
1754403900,18532.58,18546.65,18520.4,18546.43,2395
1754404200,18546.43,18575.57,18538.28,18566.38,1396
1754404500,18566.38,18567.37,18543.76,18545.33,2194
1754404800,18545.33,18547.79,18521.33,18537.04,3427
1754405100,18537.04,18546.54,18527.57,18530.2,3680
1754405400,18530.2,18559.1,18503.91,18547.79,3460
1754405700,18547.79,18580.19,18535.99,18563.52,2234
1754406000,18563.52,18573.92,18557.45,18558.25,1403
1754406300,18558.25,18560.25,18540.92,18545.98,2111
1754406600,18545.98,18547.85,18507.1,18521.89,2174
1754406900,18521.89,18525.16,18494.92,18511.99,2141
1754407200,18511.99,18540.7,18495.65,18505.66,2742
1754407500,18505.66,18515.25,18497.68,18500.83,3245
1754407800,18500.83,18518.67,18497.91,18505.7,3332
1754408100,18505.7,18514.38,18484.6,18498.21,1282
1754408400,18498.21,18517.67,18480.93,18483.26,2861
1754408700,18483.26,18487.66,18459.88,18487.56,2563
1754409000,18487.56,18512.11,18479.79,18511.84,2280
1754409300,18511.84,18543.54,18505.03,18513.06,2915
1754409600,18513.06,18519.87,18486.56,18487.83,2876
1754409900,18487.83,18494.79,18486.76,18489.72,2529
1754410200,18489.72,18507.97,18488.53,18507.46,1354
1754410500,18507.46,18524.23,18497.14,18522.55,3605
1754410800,18522.55,18538.43,18521.66,18538.39,1328
1754411100,18538.39,18540.13,18482.04,18499.26,3097
1754411400,18499.26,18502.36,18487.64,18493.74,2901
1754411700,18493.74,18508.83,18484.71,18507.2,3208
1754412000,18507.2,18526.78,18497.46,18505.04,1973
1754412300,18505.04,18526.43,18467.66,18488.12,3712
1754412600,18488.12,18533.85,18464.21,18518.02,789
1754412900,18518.02,18546.86,18501.0,18530.79,3067
1754413200,18530.79,18557.15,18511.65,18546.57,1083
1754413500,18546.57,18556.88,18519.95,18543.31,2908
1754413800,18543.31,18556.0,18525.62,18526.18,3073
1754414100,18526.18,18529.36,18484.89,18492.34,3245
1754414400,18492.34,18503.43,18447.82,18464.42,3766
1754414700,18464.42,18491.43,18463.3,18490.1,1490
1754415000,18490.1,18499.54,18482.45,18489.41,3158
1754415300,18489.41,18507.83,18471.15,18486.9,1980
1754415600,18486.9,18518.28,18478.94,18515.23,197
1754415900,18515.23,18548.26,18507.22,18539.95,3376
1754416200,18539.95,18561.51,18524.39,18540.99,1627
1754416500,18540.99,18548.8,18529.33,18534.75,2099
1754416800,18534.75,18540.55,18499.56,18528.49,2748
1754417100,18528.49,18545.49,18507.78,18538.22,2963
1754417400,18538.22,18546.23,18529.09,18539.51,931
1754417700,18539.51,18543.72,18523.63,18527.59,2613
1754418000,18527.59,18534.35,18497.37,18502.74,2009
1754418300,18502.74,18508.55,18497.31,18504.53,2134
1754418600,18504.53,18515.71,18502.2,18515.45,1891
1754418900,18515.45,18535.69,18506.57,18534.51,3455
1754419200,18534.51,18543.06,18502.22,18511.36,2085
1754419500,18511.36,18515.76,18505.79,18505.83,2904
1754419800,18505.83,18523.69,18499.97,18515.62,712
1754420100,18515.62,18520.88,18506.96,18507.12,3543
1754420400,18507.12,18510.01,18492.47,18502.3,1462
1754420700,18502.3,18540.86,18498.97,18524.63,842
1754421000,18524.63,18536.45,18508.67,18519.59,672
1754421300,18519.59,18530.92,18513.38,18526.85,3369
1754421600,18526.85,18551.03,18520.0,18540.27,1821
1754421900,18540.27,18543.8,18522.86,18528.76,1949
1754422200,18528.76,18546.09,18506.56,18545.55,1776
1754422500,18545.55,18571.56,18534.32,18536.9,2012
1754422800,18536.9,18570.8,18519.49,18543.9,2173
1754423100,18543.9,18553.2,18518.36,18527.75,1493
1754423400,18527.75,18563.21,18523.41,18540.69,2412
1754423700,18540.69,18545.18,18533.29,18538.32,2597
1754487000,18538.32,18540.08,18515.76,18525.07,1137
1754487300,18525.07,18556.42,18517.02,18536.71,2148
1754487600,18536.71,18539.0,18524.0,18538.3,3221
1754487900,18538.3,18560.02,18530.3,18548.42,1950
1754488200,18548.42,18555.76,18515.86,18545.64,2144
1754488500,18545.64,18577.21,18544.14,18560.1,2698
1754488800,18560.1,18584.99,18546.08,18566.66,2739
1754489100,18566.66,18578.95,18557.36,18573.78,3309
1754489400,18573.78,18593.15,18561.6,18581.6,4257
1754489700,18581.6,18599.89,18566.7,18571.31,1526
1754490000,18571.31,18577.0,18560.11,18570.79,1250
1754490300,18570.79,18616.59,18557.24,18601.44,2476
1754490600,18601.44,18609.44,18591.05,18608.35,3300
1754490900,18608.35,18617.96,18582.28,18589.87,3399
1754491200,18589.87,18607.57,18585.44,18597.27,3212
1754491500,18597.27,18605.72,18578.98,18585.47,3380
1754491800,18585.47,18594.16,18576.92,18578.64,3454
1754492100,18578.64,18581.64,18575.29,18577.12,2232
1754492400,18577.12,18590.37,18575.73,18585.5,2288
1754492700,18585.5,18585.88,18569.36,18572.63,975
1754493000,18572.63,18579.15,18571.12,18576.43,1569
1754493300,18576.43,18584.2,18555.37,18565.64,3375
1754493600,18565.64,18569.61,18524.56,18558.94,2979
1754493900,18558.94,18580.24,18547.55,18561.73,2071
1754494200,18561.73,18577.52,18526.59,18542.5,3423
1754494500,18542.5,18569.54,18522.5,18556.44,2365
1754494800,18556.44,18586.16,18554.91,18579.44,2275
1754495100,18579.44,18588.11,18572.79,18573.95,4
1754495400,18573.95,18591.23,18540.95,18591.03,2510
1754495700,18591.03,18595.92,18583.18,18594.62,3196
1754496000,18594.62,18623.98,18569.8,18604.46,1803
1754496300,18604.46,18640.88,18598.43,18619.13,1978
1754496600,18619.13,18637.67,18610.08,18616.53,2258
1754496900,18616.53,18633.18,18616.11,18631.69,3389
1754497200,18631.69,18659.03,18623.42,18653.12,2811
1754497500,18653.12,18679.89,18634.2,18670.74,3544
1754497800,18670.74,18695.52,18656.38,18664.7,3127
1754498100,18664.7,18682.37,18641.73,18668.32,3098
1754498400,18668.32,18704.89,18658.72,18685.18,2431
1754498700,18685.18,18692.88,18668.67,18677.2,1782
1754499000,18677.2,18679.13,18641.47,18653.03,1423
1754499300,18653.03,18669.71,18636.87,18645.98,661
1754499600,18645.98,18655.48,18629.93,18630.37,1688
1754499900,18630.37,18644.88,18603.67,18619.61,3744
1754500200,18619.61,18626.39,18600.62,18612.83,1725
1754500500,18612.83,18654.48,18601.57,18652.79,2965
1754500800,18652.79,18664.15,18631.13,18641.27,2023
1754501100,18641.27,18682.96,18636.36,18663.84,1051
1754501400,18663.84,18679.53,18656.47,18673.67,2283
1754501700,18673.67,18697.65,18668.73,18689.48,3079
1754502000,18689.48,18693.6,18672.96,18681.97,3015
1754502300,18681.97,18690.0,18668.77,18688.34,2437
1754502600,18688.34,18705.73,18681.1,18696.48,3141
1754502900,18696.48,18701.74,18663.99,18676.39,2704
1754503200,18676.39,18684.98,18649.3,18661.41,3432
1754503500,18661.41,18673.87,18623.82,18633.77,3334
1754503800,18633.77,18649.58,18619.44,18626.48,1313
1754504100,18626.48,18638.32,18585.78,18591.54,5433
1754504400,18591.54,18597.76,18567.58,18569.57,2662
1754504700,18569.57,18593.2,18568.29,18580.87,4098
1754505000,18580.87,18609.03,18566.31,18594.75,1687
1754505300,18594.75,18632.53,18592.66,18622.34,2300
1754505600,18622.34,18622.99,18590.69,18608.24,3046
1754505900,18608.24,18616.1,18604.76,18606.89,2801
1754506200,18606.89,18628.65,18599.54,18604.86,2766
1754506500,18604.86,18665.09,18591.03,18637.89,3010
1754506800,18637.89,18650.24,18633.52,18645.21,1752
1754507100,18645.21,18655.45,18618.48,18633.3,4047
1754507400,18633.3,18633.35,18561.25,18585.75,1215
1754507700,18585.75,18589.08,18546.08,18582.5,2580
1754508000,18582.5,18600.41,18561.77,18567.59,1775
1754508300,18567.59,18583.82,18547.38,18560.9,2913
1754508600,18560.9,18586.53,18559.9,18580.16,2173
1754508900,18580.16,18587.21,18541.77,18563.05,1908
1754509200,18563.05,18563.97,18524.12,18541.5,2345
1754509500,18541.5,18547.12,18521.64,18526.81,4252
1754509800,18526.81,18541.42,18506.09,18510.74,5139
1754510100,18510.74,18526.3,18494.52,18514.4,3854
1754573400,18514.4,18523.44,18512.13,18512.91,3982
1754573700,18512.91,18515.34,18489.14,18503.0,3460
1754574000,18503.0,18520.91,18475.21,18487.01,2978
1754574300,18487.01,18512.24,18485.93,18500.29,3145
1754574600,18500.29,18502.9,18489.11,18491.04,1977
1754574900,18491.04,18510.47,18487.27,18488.11,3255
1754575200,18488.11,18507.24,18479.44,18492.58,814
1754575500,18492.58,18500.61,18482.56,18499.47,3117
1754575800,18499.47,18522.28,18470.82,18491.85,3771
1754576100,18491.85,18513.56,18477.67,18508.15,1359
1754576400,18508.15,18510.84,18469.48,18472.66,3307
1754576700,18472.66,18483.52,18453.86,18476.46,2626
1754577000,18476.46,18495.87,18446.22,18483.26,3546
1754577300,18483.26,18484.23,18450.62,18453.02,4401
1754577600,18453.02,18463.43,18443.54,18462.44,1671
1754577900,18462.44,18465.19,18429.71,18439.58,3582
1754578200,18439.58,18448.9,18419.81,18422.04,1744
1754578500,18422.04,18445.83,18417.88,18424.21,2477
1754578800,18424.21,18427.32,18408.87,18415.34,3386
1754579100,18415.34,18422.75,18409.09,18416.84,834
1754579400,18416.84,18448.09,18412.19,18444.12,3885
1754579700,18444.12,18448.3,18429.61,18432.28,1719
1754580000,18432.28,18470.85,18427.29,18450.63,2792
1754580300,18450.63,18460.76,18433.32,18454.53,3762
1754580600,18454.53,18464.6,18440.04,18455.59,3405
1754580900,18455.59,18470.05,18447.41,18460.51,2782
1754581200,18460.51,18477.11,18439.85,18459.99,1371
1754581500,18459.99,18475.06,18452.72,18473.24,1863
1754581800,18473.24,18486.15,18454.94,18484.94,2134
1754582100,18484.94,18509.82,18457.73,18467.37,2830
1754582400,18467.37,18474.77,18435.32,18442.42,1354
1754582700,18442.42,18465.43,18441.36,18448.81,2035
1754583000,18448.81,18471.27,18445.95,18458.69,2918
1754583300,18458.69,18463.77,18440.08,18449.51,3364
1754583600,18449.51,18460.74,18439.95,18452.57,2883
1754583900,18452.57,18466.08,18451.91,18458.39,2981
1754584200,18458.39,18470.27,18428.73,18436.99,4041
1754584500,18436.99,18445.63,18420.03,18445.25,3381
1754584800,18445.25,18477.96,18442.75,18468.59,3232
1754585100,18468.59,18505.64,18450.13,18493.17,4005
1754585400,18493.17,18507.23,18471.24,18485.77,2781
1754585700,18485.77,18500.59,18445.9,18447.26,3054
1754586000,18447.26,18472.77,18438.4,18472.6,1754
1754586300,18472.6,18485.06,18469.61,18484.38,1822
1754586600,18484.38,18492.62,18467.29,18469.14,2770
1754586900,18469.14,18500.58,18468.1,18493.2,3573
1754587200,18493.2,18502.4,18461.73,18468.32,3301
1754587500,18468.32,18486.37,18451.9,18469.17,2703
1754587800,18469.17,18500.15,18463.9,18476.97,2422
1754588100,18476.97,18506.41,18471.58,18493.86,1615
1754588400,18493.86,18501.57,18481.09,18490.05,3044
1754588700,18490.05,18520.31,18489.05,18489.88,2906
1754589000,18489.88,18506.98,18463.15,18467.15,2489
1754589300,18467.15,18478.48,18445.52,18457.4,1781
1754589600,18457.4,18471.1,18414.58,18417.12,588
1754589900,18417.12,18465.31,18408.93,18434.51,1066
1754590200,18434.51,18434.95,18383.46,18409.52,1664
1754590500,18409.52,18439.88,18397.48,18429.68,2544
1754590800,18429.68,18447.74,18387.49,18397.92,1106
1754591100,18397.92,18402.54,18383.92,18394.11,2767
1754591400,18394.11,18422.36,18384.86,18418.87,3304
1754591700,18418.87,18443.62,18415.89,18434.74,1678
1754592000,18434.74,18443.57,18403.93,18409.41,3782
1754592300,18409.41,18470.63,18393.67,18438.74,2277
1754592600,18438.74,18468.97,18429.08,18468.19,1694
1754592900,18468.19,18505.29,18452.95,18489.16,3295
1754593200,18489.16,18509.61,18472.57,18481.35,1664
1754593500,18481.35,18482.61,18452.62,18467.46,2493
1754593800,18467.46,18477.05,18460.32,18475.57,2586
1754594100,18475.57,18506.25,18445.31,18455.09,3287
1754594400,18455.09,18471.64,18453.04,18463.85,3101
1754594700,18463.85,18489.68,18456.34,18484.54,2262
1754595000,18484.54,18489.69,18463.37,18466.33,1867
1754595300,18466.33,18494.72,18458.77,18471.18,1102
1754595600,18471.18,18483.99,18446.23,18458.99,3434
1754595900,18458.99,18481.14,18441.61,18477.47,2884
1754596200,18477.47,18477.75,18440.27,18461.56,2732
1754596500,18461.56,18462.91,18415.99,18429.38,4053
1754659800,18429.38,18441.56,18428.78,18433.64,2239
1754660100,18433.64,18449.58,18414.16,18415.88,1765
1754660400,18415.88,18421.78,18397.22,18409.61,1774
1754660700,18409.61,18426.6,18384.37,18413.4,3383
1754661000,18413.4,18446.0,18399.13,18438.49,967
1754661300,18438.49,18447.63,18428.0,18432.04,1188
1754661600,18432.04,18452.78,18427.32,18434.47,2760
1754661900,18434.47,18462.57,18424.5,18439.35,2346
1754662200,18439.35,18451.62,18434.02,18445.43,3606
1754662500,18445.43,18447.98,18390.84,18417.63,2697
1754662800,18417.63,18431.0,18402.82,18413.92,2644
1754663100,18413.92,18415.02,18371.71,18373.89,2939
1754663400,18373.89,18418.17,18359.93,18398.61,2518
1754663700,18398.61,18420.88,18386.86,18412.09,2793
1754664000,18412.09,18421.99,18409.23,18412.71,2746
1754664300,18412.71,18417.31,18380.5,18384.64,2161
1754664600,18384.64,18402.26,18352.96,18362.66,2286
1754664900,18362.66,18396.41,18357.89,18376.47,3763
1754665200,18376.47,18391.7,18372.24,18387.7,3621
1754665500,18387.7,18411.63,18376.77,18404.66,2058
1754665800,18404.66,18421.82,18384.59,18403.23,1694
1754666100,18403.23,18415.39,18401.73,18409.7,3046
1754666400,18409.7,18449.13,18400.56,18435.55,1951
1754666700,18435.55,18480.36,18432.97,18458.5,773
1754667000,18458.5,18460.18,18453.23,18457.46,3113
1754667300,18457.46,18460.25,18428.64,18436.47,2154
1754667600,18436.47,18446.88,18434.25,18445.9,1734
1754667900,18445.9,18452.09,18410.11,18424.66,2856
1754668200,18424.66,18432.26,18404.59,18417.75,3179
1754668500,18417.75,18424.97,18416.24,18417.1,3669
1754668800,18417.1,18419.31,18395.08,18401.11,2926
1754669100,18401.11,18408.79,18379.73,18388.46,4015
1754669400,18388.46,18391.56,18359.75,18373.89,2301
1754669700,18373.89,18395.57,18371.8,18384.75,4231
1754670000,18384.75,18390.45,18373.47,18385.95,3521
1754670300,18385.95,18386.15,18365.33,18371.64,2536
1754670600,18371.64,18374.57,18336.05,18350.65,2005
1754670900,18350.65,18352.14,18331.69,18346.55,2466
1754671200,18346.55,18355.15,18322.2,18339.21,2003
1754671500,18339.21,18370.56,18325.34,18331.19,2371
1754671800,18331.19,18355.95,18329.3,18347.47,2387
1754672100,18347.47,18382.79,18325.24,18374.36,4418
1754672400,18374.36,18398.62,18361.18,18393.82,1856
1754672700,18393.82,18398.96,18354.09,18364.49,2428
1754673000,18364.49,18370.32,18344.27,18350.26,2750
1754673300,18350.26,18378.99,18343.69,18361.64,3598
1754673600,18361.64,18380.13,18352.86,18378.39,2497
1754673900,18378.39,18383.45,18365.99,18372.73,3256
1754674200,18372.73,18393.09,18372.01,18376.41,2825
1754674500,18376.41,18394.34,18375.96,18389.58,2488
1754674800,18389.58,18419.48,18389.22,18408.95,2769
1754675100,18408.95,18415.64,18408.79,18411.39,2204
1754675400,18411.39,18433.51,18407.19,18423.47,3029
1754675700,18423.47,18441.73,18413.91,18430.84,2220
1754676000,18430.84,18445.97,18430.01,18436.96,3978
1754676300,18436.96,18467.71,18434.03,18449.74,3285
1754676600,18449.74,18471.55,18446.4,18467.08,2359
1754676900,18467.08,18482.47,18464.38,18470.05,3500
1754677200,18470.05,18485.08,18462.04,18474.75,3237
1754677500,18474.75,18480.74,18462.29,18469.38,1538
1754677800,18469.38,18480.77,18444.67,18452.54,2941
1754678100,18452.54,18463.02,18432.54,18440.74,1758
1754678400,18440.74,18449.34,18420.34,18421.86,1719
1754678700,18421.86,18431.8,18410.55,18415.07,2540
1754679000,18415.07,18434.4,18412.46,18430.79,3639
1754679300,18430.79,18443.45,18427.89,18429.15,1741
1754679600,18429.15,18460.82,18421.51,18440.72,2284
1754679900,18440.72,18459.45,18397.92,18419.01,3161
1754680200,18419.01,18460.27,18413.17,18444.6,2400
1754680500,18444.6,18456.08,18425.57,18441.96,1544
1754680800,18441.96,18455.27,18424.44,18448.46,1750
1754681100,18448.46,18479.15,18447.67,18459.44,3703
1754681400,18459.44,18459.56,18435.07,18438.88,2107
1754681700,18438.88,18468.89,18418.84,18436.08,1098
1754682000,18436.08,18448.08,18418.61,18437.96,1723
1754682300,18437.96,18438.27,18412.75,18431.43,3026
1754682600,18431.43,18440.12,18411.54,18436.71,3742
1754682900,18436.71,18452.72,18427.63,18434.42,3409
1754919000,18434.42,18441.16,18412.31,18417.37,2515
1754919300,18417.37,18435.71,18411.4,18424.14,3657
1754919600,18424.14,18429.57,18418.27,18420.29,2410
1754919900,18420.29,18446.48,18417.69,18438.99,4606
1754920200,18438.99,18439.94,18435.91,18436.55,2206
1754920500,18436.55,18451.41,18417.44,18432.87,615
1754920800,18432.87,18443.81,18427.73,18437.17,2373
1754921100,18437.17,18448.91,18429.66,18432.14,2223
1754921400,18432.14,18432.61,18397.97,18414.39,2852
1754921700,18414.39,18444.1,18409.3,18441.64,2408
1754922000,18441.64,18453.46,18407.66,18427.61,2983
1754922300,18427.61,18430.21,18406.44,18421.58,1190
1754922600,18421.58,18433.46,18386.59,18405.58,4485
1754922900,18405.58,18408.74,18388.95,18408.46,882
1754923200,18408.46,18408.87,18399.9,18401.71,1448
1754923500,18401.71,18405.07,18394.85,18398.58,4133
1754923800,18398.58,18401.21,18371.42,18378.51,1811
1754924100,18378.51,18398.74,18362.09,18380.2,2658
1754924400,18380.2,18401.87,18360.83,18399.55,1732
1754924700,18399.55,18424.97,18378.52,18386.87,3742
1754925000,18386.87,18390.58,18386.08,18387.31,3615
1754925300,18387.31,18397.43,18363.39,18397.26,2956
1754925600,18397.26,18431.43,18396.39,18412.0,897
1754925900,18412.0,18425.2,18393.97,18399.63,3084
1754926200,18399.63,18407.88,18394.93,18402.59,2399
1754926500,18402.59,18426.46,18385.3,18410.89,3791
1754926800,18410.89,18424.47,18377.87,18397.07,3285
1754927100,18397.07,18407.9,18374.26,18391.94,3214
1754927400,18391.94,18417.42,18382.32,18397.34,2060
1754927700,18397.34,18400.32,18360.53,18384.56,2399
1754928000,18384.56,18389.02,18358.3,18369.46,232
1754928300,18369.46,18391.57,18358.24,18377.99,1763
1754928600,18377.99,18386.31,18373.86,18378.91,1371
1754928900,18378.91,18388.39,18373.79,18385.8,3567
1754929200,18385.8,18389.39,18372.53,18372.99,3702
1754929500,18372.99,18387.57,18355.65,18376.64,2850
1754929800,18376.64,18391.61,18348.71,18357.76,2508
1754930100,18357.76,18360.41,18335.05,18350.56,2815
1754930400,18350.56,18356.83,18322.41,18328.32,1854
1754930700,18328.32,18368.19,18318.91,18355.54,2274
1754931000,18355.54,18389.82,18354.11,18381.95,2790
1754931300,18381.95,18399.59,18375.01,18377.66,2120
1754931600,18377.66,18386.11,18357.51,18374.9,2519
1754931900,18374.9,18383.67,18357.26,18365.67,1363
1754932200,18365.67,18371.55,18364.43,18368.3,1928
1754932500,18368.3,18383.32,18353.72,18357.68,1252
1754932800,18357.68,18358.24,18330.85,18337.2,2121
1754933100,18337.2,18346.09,18315.49,18325.09,3094
1754933400,18325.09,18326.46,18310.04,18324.33,4265
1754933700,18324.33,18334.75,18302.62,18331.4,1411
1754934000,18331.4,18337.26,18317.29,18323.67,2602
1754934300,18323.67,18325.27,18311.53,18316.48,2811
1754934600,18316.48,18326.12,18297.27,18309.84,1127
1754934900,18309.84,18340.25,18309.0,18324.71,1788
1754935200,18324.71,18331.0,18317.18,18327.39,3746
1754935500,18327.39,18367.21,18309.94,18341.03,1977
1754935800,18341.03,18386.09,18335.25,18377.64,3360
1754936100,18377.64,18394.32,18355.47,18380.38,3457
1754936400,18380.38,18384.77,18371.64,18373.02,2684
1754936700,18373.02,18384.07,18343.89,18380.79,2504
1754937000,18380.79,18395.92,18365.48,18372.58,3105
1754937300,18372.58,18405.02,18361.42,18396.47,3944
1754937600,18396.47,18423.85,18385.66,18400.76,2948
1754937900,18400.76,18423.29,18390.25,18415.74,3446
1754938200,18415.74,18429.03,18377.8,18409.2,3754
1754938500,18409.2,18432.33,18407.46,18418.35,2755
1754938800,18418.35,18432.01,18413.38,18420.13,2613
1754939100,18420.13,18421.38,18393.87,18403.37,2762
1754939400,18403.37,18431.08,18382.19,18408.46,1671
1754939700,18408.46,18431.52,18405.77,18423.45,3753
1754940000,18423.45,18455.58,18420.49,18429.69,3667
1754940300,18429.69,18433.22,18422.47,18424.01,1479
1754940600,18424.01,18437.71,18416.14,18417.2,2072
1754940900,18417.2,18439.0,18407.37,18421.77,3002
1754941200,18421.77,18427.94,18404.82,18419.56,3302
1754941500,18419.56,18433.05,18396.96,18423.45,2325
1754941800,18423.45,18426.34,18385.79,18391.33,2559
1754942100,18391.33,18412.97,18381.27,18405.32,3362
1755005400,18405.32,18405.64,18402.24,18404.24,2946
1755005700,18404.24,18410.36,18389.22,18392.58,2407
1755006000,18392.58,18395.18,18383.56,18391.44,3073
1755006300,18391.44,18398.17,18378.25,18386.8,4072
1755006600,18386.8,18411.52,18379.03,18403.44,2191
1755006900,18403.44,18407.53,18389.27,18406.79,2461
1755007200,18406.79,18408.28,18363.96,18368.73,2249
1755007500,18368.73,18395.75,18357.38,18386.0,2592
1755007800,18386.0,18402.09,18372.99,18389.34,2464
1755008100,18389.34,18393.55,18374.0,18385.5,2788
1755008400,18385.5,18400.51,18371.91,18380.96,1758
1755008700,18380.96,18383.57,18373.8,18374.09,1706
1755009000,18374.09,18377.89,18343.31,18350.37,2335
1755009300,18350.37,18356.11,18313.19,18345.73,877
1755009600,18345.73,18365.77,18336.57,18364.58,3416
1755009900,18364.58,18373.88,18357.75,18365.67,1874
1755010200,18365.67,18368.67,18359.55,18361.2,1692
1755010500,18361.2,18366.34,18329.64,18342.19,1418
1755010800,18342.19,18369.03,18336.37,18339.97,2074
1755011100,18339.97,18380.33,18336.45,18362.85,3175
1755011400,18362.85,18389.9,18344.59,18365.88,3107
1755011700,18365.88,18387.48,18364.67,18378.36,3174
1755012000,18378.36,18403.34,18377.95,18380.78,1804
1755012300,18380.78,18402.13,18377.64,18379.68,4412
1755012600,18379.68,18382.47,18366.68,18375.14,2990
1755012900,18375.14,18398.22,18349.85,18382.89,3477
1755013200,18382.89,18387.54,18361.43,18362.48,2441
1755013500,18362.48,18385.64,18336.2,18348.66,1082
1755013800,18348.66,18383.71,18348.07,18375.37,3282
1755014100,18375.37,18386.56,18353.26,18362.96,1406
1755014400,18362.96,18370.78,18355.36,18358.83,1667
1755014700,18358.83,18383.84,18353.45,18370.04,3294
1755015000,18370.04,18384.39,18356.55,18357.81,3104
1755015300,18357.81,18362.86,18337.44,18357.37,2288
1755015600,18357.37,18360.9,18336.42,18358.43,2147
1755015900,18358.43,18377.08,18347.62,18352.29,1543
1755016200,18352.29,18402.85,18347.1,18387.65,1094
1755016500,18387.65,18399.83,18368.43,18397.48,2001
1755016800,18397.48,18436.95,18394.68,18431.65,2357
1755017100,18431.65,18449.68,18422.7,18427.12,3609
1755017400,18427.12,18445.71,18417.27,18434.63,1958
1755017700,18434.63,18435.13,18414.3,18419.88,1526
1755018000,18419.88,18429.31,18385.6,18404.56,1030
1755018300,18404.56,18411.66,18400.64,18401.15,3185
1755018600,18401.15,18402.39,18387.74,18392.95,3398
1755018900,18392.95,18409.86,18385.55,18409.3,2052
1755019200,18409.3,18418.33,18378.31,18388.07,318
1755019500,18388.07,18388.64,18376.4,18377.1,2005
1755019800,18377.1,18378.77,18369.87,18372.09,3209
1755020100,18372.09,18386.86,18319.01,18344.59,3500
1755020400,18344.59,18353.25,18329.46,18339.02,2648
1755020700,18339.02,18354.9,18336.11,18354.81,1413
1755021000,18354.81,18387.57,18342.72,18357.87,1684
1755021300,18357.87,18369.15,18338.83,18355.92,3167
1755021600,18355.92,18369.11,18332.13,18339.06,1638
1755021900,18339.06,18339.09,18322.19,18323.26,2849
1755022200,18323.26,18331.6,18295.04,18305.63,2016
1755022500,18305.63,18312.38,18292.17,18312.05,2610
1755022800,18312.05,18324.43,18267.7,18283.56,1989
1755023100,18283.56,18335.76,18267.83,18310.09,3646
1755023400,18310.09,18321.47,18287.91,18289.66,2123
1755023700,18289.66,18330.44,18268.65,18322.54,2166
1755024000,18322.54,18346.74,18317.68,18336.52,2345
1755024300,18336.52,18343.64,18323.94,18328.78,2136
1755024600,18328.78,18342.78,18319.72,18320.91,1211
1755024900,18320.91,18322.21,18311.21,18321.24,3012
1755025200,18321.24,18328.54,18296.96,18305.17,1991
1755025500,18305.17,18314.32,18295.49,18301.87,3437
1755025800,18301.87,18315.41,18296.75,18311.37,1180
1755026100,18311.37,18318.49,18279.75,18291.61,1021
1755026400,18291.61,18316.95,18282.87,18311.59,2756
1755026700,18311.59,18327.48,18301.52,18320.94,1186
1755027000,18320.94,18331.03,18314.72,18325.55,2122
1755027300,18325.55,18328.06,18305.52,18326.25,3495
1755027600,18326.25,18341.24,18322.15,18339.2,1963
1755027900,18339.2,18354.82,18327.39,18352.74,2562
1755028200,18352.74,18355.66,18333.1,18346.45,2062
1755028500,18346.45,18360.44,18333.7,18354.67,2791
1755091800,18354.67,18369.94,18342.62,18356.01,1753
1755092100,18356.01,18372.92,18347.47,18357.87,1560
1755092400,18357.87,18359.61,18354.02,18359.51,3684
1755092700,18359.51,18378.54,18341.58,18355.47,1556
1755093000,18355.47,18382.72,18342.65,18374.82,827
1755093300,18374.82,18400.59,18374.09,18394.73,3579
1755093600,18394.73,18408.21,18361.17,18366.91,2846
1755093900,18366.91,18387.49,18354.04,18361.35,5104
1755094200,18361.35,18375.6,18325.72,18343.65,2865
1755094500,18343.65,18345.18,18332.43,18337.15,3099
1755094800,18337.15,18351.48,18329.19,18351.03,2189
1755095100,18351.03,18357.31,18330.95,18334.69,2531
1755095400,18334.69,18337.03,18322.97,18325.0,2598
1755095700,18325.0,18326.79,18301.03,18312.64,1305
1755096000,18312.64,18351.7,18300.21,18345.61,1652
1755096300,18345.61,18366.76,18334.92,18364.85,2558
1755096600,18364.85,18368.86,18360.81,18361.84,1286
1755096900,18361.84,18374.54,18361.67,18373.86,3228
1755097200,18373.86,18380.05,18363.44,18369.91,1784
1755097500,18369.91,18387.83,18366.24,18383.75,2401
1755097800,18383.75,18401.35,18342.57,18358.94,1720
1755098100,18358.94,18365.2,18357.68,18363.94,914
1755098400,18363.94,18377.14,18363.89,18369.71,3819
1755098700,18369.71,18394.38,18368.99,18370.85,1729
1755099000,18370.85,18378.33,18341.63,18341.69,3105
1755099300,18341.69,18363.68,18288.85,18295.34,3385
1755099600,18295.34,18306.69,18284.72,18305.85,543
1755099900,18305.85,18315.34,18291.14,18304.48,3242
1755100200,18304.48,18315.21,18275.34,18279.83,3478
1755100500,18279.83,18286.36,18279.21,18281.54,4201
1755100800,18281.54,18329.01,18275.86,18314.55,2108
1755101100,18314.55,18324.45,18301.83,18313.59,3231
1755101400,18313.59,18317.59,18308.65,18309.11,1801
1755101700,18309.11,18317.99,18284.93,18296.65,940
1755102000,18296.65,18315.96,18285.88,18311.92,1178
1755102300,18311.92,18318.94,18286.69,18298.13,2642
1755102600,18298.13,18312.39,18276.91,18311.42,2239
1755102900,18311.42,18345.11,18288.56,18320.11,2371
1755103200,18320.11,18329.82,18291.66,18295.8,2654
1755103500,18295.8,18301.71,18292.76,18295.01,2697
1755103800,18295.01,18333.56,18267.45,18322.79,1926
1755104100,18322.79,18323.06,18304.39,18307.07,3481
1755104400,18307.07,18323.71,18295.39,18295.63,4557
1755104700,18295.63,18296.64,18284.7,18287.43,3018
1755105000,18287.43,18297.86,18255.57,18265.89,3902
1755105300,18265.89,18291.97,18256.64,18280.41,2739
1755105600,18280.41,18292.68,18244.04,18263.18,2918
1755105900,18263.18,18271.43,18231.56,18244.92,3436
1755106200,18244.92,18255.16,18220.87,18228.96,2552
1755106500,18228.96,18252.22,18226.38,18238.07,2547
1755106800,18238.07,18273.1,18230.01,18263.43,2727
1755107100,18263.43,18269.36,18257.84,18265.84,2929
1755107400,18265.84,18284.61,18264.29,18281.65,2136
1755107700,18281.65,18283.0,18256.44,18275.22,1774
1755108000,18275.22,18285.99,18260.81,18262.28,1310
1755108300,18262.28,18290.45,18261.64,18284.95,1247
1755108600,18284.95,18294.75,18231.84,18241.36,3955
1755108900,18241.36,18243.28,18219.5,18223.32,2718
1755109200,18223.32,18236.9,18210.73,18214.9,368
1755109500,18214.9,18233.47,18213.47,18232.82,2870
1755109800,18232.82,18248.42,18229.96,18230.87,194
1755110100,18230.87,18237.85,18225.92,18231.06,2828
1755110400,18231.06,18244.12,18225.31,18239.42,3549
1755110700,18239.42,18264.47,18238.38,18262.4,2421
1755111000,18262.4,18286.45,18251.11,18277.45,2003
1755111300,18277.45,18286.51,18272.7,18281.74,2980
1755111600,18281.74,18312.43,18280.64,18307.17,1303
1755111900,18307.17,18336.25,18298.86,18327.14,3043
1755112200,18327.14,18336.99,18314.82,18318.57,2552
1755112500,18318.57,18358.26,18311.88,18354.02,847
1755112800,18354.02,18362.43,18334.77,18345.75,2101
1755113100,18345.75,18356.42,18335.84,18351.42,1769
1755113400,18351.42,18359.23,18345.41,18345.65,2846
1755113700,18345.65,18351.38,18296.0,18308.93,1787
1755114000,18308.93,18329.98,18305.79,18318.64,1301
1755114300,18318.64,18318.81,18299.74,18309.11,2305
1755114600,18309.11,18340.19,18307.76,18321.03,1625
1755114900,18321.03,18323.97,18317.1,18322.07,3023
1755178200,18322.07,18322.26,18318.13,18321.54,2618
1755178500,18321.54,18323.48,18294.36,18297.45,703
1755178800,18297.45,18318.85,18283.99,18316.4,2471
1755179100,18316.4,18328.82,18312.02,18324.76,1345
1755179400,18324.76,18338.44,18317.37,18323.72,1519
1755179700,18323.72,18340.3,18303.93,18329.7,1567
1755180000,18329.7,18339.05,18299.44,18314.04,3624
1755180300,18314.04,18335.54,18293.13,18315.91,2335
1755180600,18315.91,18324.83,18302.9,18304.29,3752
1755180900,18304.29,18310.02,18277.22,18285.88,4447
1755181200,18285.88,18297.01,18274.12,18287.47,3073
1755181500,18287.47,18321.26,18270.98,18313.29,3788
1755181800,18313.29,18320.39,18284.35,18298.1,1045
1755182100,18298.1,18314.72,18294.39,18303.45,2799
1755182400,18303.45,18339.48,18294.11,18326.46,4288
1755182700,18326.46,18332.48,18287.03,18305.21,1350
1755183000,18305.21,18331.75,18295.81,18331.16,2617
1755183300,18331.16,18367.86,18311.15,18349.96,3906
1755183600,18349.96,18358.36,18347.97,18356.38,1651
1755183900,18356.38,18364.78,18334.62,18342.16,1958
1755184200,18342.16,18364.7,18320.19,18348.98,2820
1755184500,18348.98,18375.52,18333.81,18363.39,4180
1755184800,18363.39,18398.07,18341.26,18369.36,1838
1755185100,18369.36,18384.0,18348.78,18354.34,1485
1755185400,18354.34,18364.55,18294.09,18325.66,3064
1755185700,18325.66,18339.6,18313.83,18316.62,2508
1755186000,18316.62,18320.56,18315.36,18318.14,2347
1755186300,18318.14,18331.7,18304.24,18310.45,2425
1755186600,18310.45,18332.7,18298.08,18327.62,2956
1755186900,18327.62,18353.2,18305.61,18337.19,3596
1755187200,18337.19,18337.59,18307.81,18329.09,2461
1755187500,18329.09,18348.1,18325.83,18338.18,2337
1755187800,18338.18,18351.97,18330.27,18339.04,1315
1755188100,18339.04,18363.02,18327.78,18348.95,4807
1755188400,18348.95,18380.24,18325.16,18360.26,3076
1755188700,18360.26,18363.19,18328.3,18339.71,1253
1755189000,18339.71,18357.31,18335.38,18343.26,1590
1755189300,18343.26,18357.79,18337.21,18354.69,2694
1755189600,18354.69,18360.1,18350.28,18356.85,2744
1755189900,18356.85,18357.63,18349.46,18351.69,2363
1755190200,18351.69,18356.37,18342.1,18352.17,1855
1755190500,18352.17,18358.03,18343.05,18354.74,3191
1755190800,18354.74,18355.94,18318.53,18337.61,1951
1755191100,18337.61,18344.8,18330.85,18341.07,3735
1755191400,18341.07,18373.18,18336.85,18361.9,3950
1755191700,18361.9,18374.24,18351.56,18354.79,2550
1755192000,18354.79,18363.2,18308.21,18333.35,4388
1755192300,18333.35,18363.62,18328.16,18349.59,1655
1755192600,18349.59,18354.51,18338.69,18345.08,3600
1755192900,18345.08,18349.21,18334.06,18334.2,2299
1755193200,18334.2,18336.76,18328.47,18330.08,2679
1755193500,18330.08,18332.93,18294.49,18306.84,3597
1755193800,18306.84,18329.27,18298.32,18317.9,3950
1755194100,18317.9,18368.59,18314.86,18352.6,1333
1755194400,18352.6,18355.93,18342.46,18351.7,1387
1755194700,18351.7,18360.6,18338.79,18339.9,1266
1755195000,18339.9,18348.54,18320.93,18322.51,1706
1755195300,18322.51,18356.31,18314.1,18352.08,2732
1755195600,18352.08,18395.16,18341.98,18383.14,3122
1755195900,18383.14,18392.4,18375.56,18387.47,1056
1755196200,18387.47,18419.44,18385.94,18404.75,3038
1755196500,18404.75,18408.45,18371.42,18376.38,2620
1755196800,18376.38,18415.89,18361.17,18407.77,1166
1755197100,18407.77,18420.23,18389.64,18412.68,2804
1755197400,18412.68,18428.81,18390.52,18415.88,1851
1755197700,18415.88,18431.35,18411.24,18423.67,2751
1755198000,18423.67,18432.29,18414.15,18425.16,1822
1755198300,18425.16,18433.0,18400.02,18424.61,3639
1755198600,18424.61,18434.47,18416.21,18425.41,2089
1755198900,18425.41,18439.63,18399.78,18416.06,2769
1755199200,18416.06,18433.44,18369.91,18391.06,2803
1755199500,18391.06,18404.05,18379.7,18382.58,2636
1755199800,18382.58,18419.35,18381.89,18413.88,2487
1755200100,18413.88,18419.26,18381.09,18406.47,2086
1755200400,18406.47,18431.3,18403.12,18406.09,1936
1755200700,18406.09,18410.6,18362.4,18373.16,2968
1755201000,18373.16,18389.2,18367.76,18376.99,3186
1755201300,18376.99,18386.6,18365.7,18386.56,1233
1755264600,18386.56,18387.43,18373.9,18377.46,2745
1755264900,18377.46,18396.43,18373.01,18394.81,2230
1755265200,18394.81,18436.81,18373.47,18405.5,2481
1755265500,18405.5,18408.79,18375.65,18398.97,2715
1755265800,18398.97,18399.54,18376.76,18384.05,3652
1755266100,18384.05,18427.92,18379.83,18414.96,2527
1755266400,18414.96,18428.61,18393.91,18396.88,2262
1755266700,18396.88,18401.89,18357.67,18365.33,4351
1755267000,18365.33,18391.25,18354.79,18373.07,1956
1755267300,18373.07,18405.97,18369.55,18386.97,2705
1755267600,18386.97,18394.78,18356.21,18389.65,1630
1755267900,18389.65,18399.43,18374.35,18387.89,2136
1755268200,18387.89,18395.44,18380.49,18387.19,2019
1755268500,18387.19,18394.65,18375.97,18378.01,3397
1755268800,18378.01,18383.12,18340.52,18361.48,2942
1755269100,18361.48,18389.55,18357.63,18386.01,2987
1755269400,18386.01,18400.19,18377.83,18395.01,843
1755269700,18395.01,18418.83,18375.24,18380.6,1498
1755270000,18380.6,18413.72,18356.75,18396.77,2667
1755270300,18396.77,18406.38,18371.55,18379.31,1285
1755270600,18379.31,18379.92,18353.59,18366.65,2872
1755270900,18366.65,18372.0,18333.04,18346.78,3152
1755271200,18346.78,18360.06,18345.76,18351.07,3284
1755271500,18351.07,18354.78,18326.05,18328.42,2308
1755271800,18328.42,18345.18,18300.5,18326.9,663
1755272100,18326.9,18392.83,18318.1,18362.58,2697
1755272400,18362.58,18368.49,18352.9,18353.16,1863
1755272700,18353.16,18358.77,18336.69,18356.86,1003
1755273000,18356.86,18357.77,18350.54,18353.33,2850
1755273300,18353.33,18361.32,18348.07,18355.2,3996
1755273600,18355.2,18359.27,18330.46,18345.62,682
1755273900,18345.62,18354.31,18317.74,18326.8,2976
1755274200,18326.8,18356.12,18312.56,18348.59,1763
1755274500,18348.59,18350.54,18341.92,18347.05,1724
1755274800,18347.05,18359.46,18323.48,18328.07,4299
1755275100,18328.07,18354.76,18318.5,18339.24,1814
1755275400,18339.24,18341.75,18322.24,18333.66,2558
1755275700,18333.66,18337.09,18321.34,18335.04,3214
1755276000,18335.04,18354.52,18299.91,18317.32,1995
1755276300,18317.32,18326.67,18306.38,18306.91,1734
1755276600,18306.91,18319.79,18304.08,18309.73,2100
1755276900,18309.73,18342.49,18300.87,18328.63,2617
1755277200,18328.63,18370.15,18320.05,18352.32,3223
1755277500,18352.32,18378.55,18344.07,18357.99,2996
1755277800,18357.99,18358.03,18346.38,18353.55,2066
1755278100,18353.55,18361.15,18337.55,18345.81,3695
1755278400,18345.81,18364.88,18342.47,18351.33,4939
1755278700,18351.33,18368.71,18341.36,18353.56,1681
1755279000,18353.56,18362.64,18326.65,18328.57,2176
1755279300,18328.57,18342.84,18320.37,18331.9,2363
1755279600,18331.9,18346.64,18308.91,18311.15,2273
1755279900,18311.15,18349.46,18308.55,18338.83,2849
1755280200,18338.83,18345.69,18338.71,18341.6,2092
1755280500,18341.6,18370.34,18336.88,18361.8,1834
1755280800,18361.8,18367.18,18358.68,18365.21,2418
1755281100,18365.21,18394.9,18346.55,18392.66,1740
1755281400,18392.66,18404.13,18373.83,18376.77,2994
1755281700,18376.77,18382.19,18359.46,18365.09,2961
1755282000,18365.09,18393.33,18357.74,18375.76,1836
1755282300,18375.76,18396.65,18358.48,18389.8,2616
1755282600,18389.8,18417.22,18371.61,18382.95,4652
1755282900,18382.95,18389.46,18365.02,18376.13,3399
1755283200,18376.13,18378.45,18367.22,18372.99,3026
1755283500,18372.99,18397.13,18350.15,18359.13,1379
1755283800,18359.13,18360.91,18337.0,18351.1,2309
1755284100,18351.1,18360.24,18349.23,18355.65,1241
1755284400,18355.65,18367.51,18341.91,18343.37,871
1755284700,18343.37,18383.99,18334.62,18374.04,2330
1755285000,18374.04,18386.56,18371.75,18372.34,1787
1755285300,18372.34,18399.25,18371.72,18394.32,1919
1755285600,18394.32,18404.95,18387.35,18395.56,3467
1755285900,18395.56,18403.29,18387.48,18394.93,4112
1755286200,18394.93,18400.08,18370.7,18381.07,1730
1755286500,18381.07,18428.99,18380.62,18413.9,1802
1755286800,18413.9,18425.33,18392.91,18411.67,1916
1755287100,18411.67,18445.61,18406.7,18424.78,1963
1755287400,18424.78,18431.4,18417.45,18420.08,2016
1755287700,18420.08,18437.58,18409.77,18430.66,2616
1755523800,18430.66,18463.15,18417.29,18432.89,3783
1755524100,18432.89,18479.48,18419.36,18472.34,4336
1755524400,18472.34,18476.18,18467.37,18467.8,3393
1755524700,18467.8,18492.89,18464.64,18492.8,3282
1755525000,18492.8,18520.98,18476.23,18507.15,2895
1755525300,18507.15,18519.02,18499.47,18501.14,1565
1755525600,18501.14,18505.05,18472.56,18480.61,3278
1755525900,18480.61,18481.7,18447.94,18458.23,2781
1755526200,18458.23,18487.05,18451.04,18452.33,2797
1755526500,18452.33,18455.29,18420.35,18436.37,1668
1755526800,18436.37,18447.86,18435.64,18442.08,2389
1755527100,18442.08,18442.32,18437.82,18438.13,2720
1755527400,18438.13,18463.94,18423.31,18427.45,3566
1755527700,18427.45,18445.41,18426.85,18442.82,1809
1755528000,18442.82,18452.15,18433.64,18450.05,2191
1755528300,18450.05,18458.85,18439.38,18449.56,3550
1755528600,18449.56,18459.18,18444.5,18458.25,1687
1755528900,18458.25,18474.06,18441.76,18458.36,2876
1755529200,18458.36,18463.61,18450.93,18459.05,887
1755529500,18459.05,18469.03,18448.71,18453.33,1606
1755529800,18453.33,18468.83,18452.12,18458.89,2703
1755530100,18458.89,18478.11,18446.42,18473.8,2874
1755530400,18473.8,18499.04,18465.93,18487.39,2149
1755530700,18487.39,18494.66,18446.76,18449.33,3470
1755531000,18449.33,18468.86,18429.51,18468.02,1437
1755531300,18468.02,18485.67,18431.16,18450.27,2431
1755531600,18450.27,18467.65,18447.2,18452.82,2739
1755531900,18452.82,18495.8,18416.42,18483.09,2634
1755532200,18483.09,18507.71,18469.91,18499.57,4037
1755532500,18499.57,18521.78,18495.54,18509.25,1146
1755532800,18509.25,18542.96,18487.48,18539.32,3799
1755533100,18539.32,18545.93,18539.29,18539.82,3291
1755533400,18539.82,18551.31,18538.86,18546.38,1962
1755533700,18546.38,18607.86,18537.1,18598.67,1895
1755534000,18598.67,18603.93,18578.2,18579.1,3350
1755534300,18579.1,18601.77,18572.83,18590.73,2630
1755534600,18590.73,18631.04,18573.56,18615.61,1516
1755534900,18615.61,18618.28,18600.86,18602.03,2818
1755535200,18602.03,18611.98,18572.4,18584.84,3742
1755535500,18584.84,18605.08,18576.08,18587.25,2958
1755535800,18587.25,18612.26,18571.79,18599.76,2126
1755536100,18599.76,18620.56,18578.12,18584.18,2245
1755536400,18584.18,18594.93,18561.94,18563.82,3111
1755536700,18563.82,18580.03,18563.04,18578.82,2678
1755537000,18578.82,18579.62,18562.11,18577.28,2291
1755537300,18577.28,18589.2,18558.36,18561.24,2643
1755537600,18561.24,18563.23,18536.1,18542.62,1164
1755537900,18542.62,18547.99,18511.64,18541.03,1901
1755538200,18541.03,18549.12,18536.58,18548.17,2871
1755538500,18548.17,18552.56,18542.38,18545.31,2644
1755538800,18545.31,18551.58,18502.02,18518.93,2434
1755539100,18518.93,18526.51,18484.3,18502.94,1690
1755539400,18502.94,18517.96,18491.29,18500.23,2675
1755539700,18500.23,18512.8,18478.54,18492.38,2489
1755540000,18492.38,18524.09,18487.44,18506.57,1452
1755540300,18506.57,18511.22,18496.31,18501.89,2900
1755540600,18501.89,18508.87,18475.88,18496.95,3095
1755540900,18496.95,18499.89,18477.56,18484.64,3846
1755541200,18484.64,18499.9,18463.0,18480.44,3929
1755541500,18480.44,18494.4,18473.62,18487.26,1087
1755541800,18487.26,18503.77,18481.1,18487.34,1400
1755542100,18487.34,18502.16,18479.23,18488.73,1638
1755542400,18488.73,18510.2,18480.86,18494.18,3416
1755542700,18494.18,18509.41,18483.56,18489.57,1075
1755543000,18489.57,18506.5,18457.21,18460.95,2483
1755543300,18460.95,18473.18,18428.43,18448.85,1295
1755543600,18448.85,18456.65,18422.6,18433.48,2488
1755543900,18433.48,18463.57,18423.67,18447.94,2884
1755544200,18447.94,18456.33,18441.97,18442.55,4766
1755544500,18442.55,18450.06,18415.58,18434.35,1451
1755544800,18434.35,18444.1,18420.0,18437.32,1762
1755545100,18437.32,18437.61,18402.9,18409.42,3106
1755545400,18409.42,18413.18,18386.15,18399.28,2557
1755545700,18399.28,18401.3,18363.85,18368.07,1970
1755546000,18368.07,18386.0,18357.25,18365.01,1539
1755546300,18365.01,18368.63,18355.71,18360.5,2273
1755546600,18360.5,18367.68,18318.62,18334.8,3446
1755546900,18334.8,18344.89,18303.88,18323.94,2433
1755610200,18323.94,18330.0,18309.26,18321.02,868
1755610500,18321.02,18339.49,18319.33,18338.33,2517
1755610800,18338.33,18347.96,18305.79,18313.14,1341
1755611100,18313.14,18314.83,18262.45,18284.76,1856
1755611400,18284.76,18289.1,18241.32,18270.22,2240
1755611700,18270.22,18281.27,18257.38,18271.02,1690
1755612000,18271.02,18275.53,18246.46,18259.08,1479
1755612300,18259.08,18272.73,18227.18,18251.18,1878
1755612600,18251.18,18265.24,18242.04,18260.04,1715
1755612900,18260.04,18273.89,18249.41,18267.62,2849
1755613200,18267.62,18274.3,18236.2,18250.29,3893
1755613500,18250.29,18264.54,18235.61,18243.06,2892
1755613800,18243.06,18255.01,18232.57,18235.31,2622
1755614100,18235.31,18254.6,18220.06,18239.79,2357
1755614400,18239.79,18256.49,18210.17,18253.75,480
1755614700,18253.75,18256.42,18232.72,18255.58,1955
1755615000,18255.58,18268.98,18247.33,18265.27,1768
1755615300,18265.27,18273.18,18233.64,18248.43,2303
1755615600,18248.43,18258.19,18218.81,18230.0,1273
1755615900,18230.0,18237.56,18220.0,18223.8,2475
1755616200,18223.8,18227.27,18202.32,18214.95,2787
1755616500,18214.95,18254.02,18204.94,18235.82,2548
1755616800,18235.82,18241.91,18217.98,18232.44,876
1755617100,18232.44,18271.71,18228.56,18245.81,2781
1755617400,18245.81,18250.94,18223.96,18245.35,840
1755617700,18245.35,18253.93,18229.57,18231.54,3609
1755618000,18231.54,18234.88,18217.06,18229.84,2549
1755618300,18229.84,18256.31,18218.13,18237.76,2935
1755618600,18237.76,18239.29,18213.14,18213.63,2336
1755618900,18213.63,18217.61,18207.11,18216.25,4368
1755619200,18216.25,18262.87,18205.54,18255.14,2855
1755619500,18255.14,18287.83,18234.41,18237.03,1998
1755619800,18237.03,18249.55,18217.74,18232.22,4233
1755620100,18232.22,18235.76,18210.47,18226.89,2670
1755620400,18226.89,18239.06,18219.89,18228.4,2769
1755620700,18228.4,18240.38,18201.62,18226.66,1885
1755621000,18226.66,18236.99,18212.92,18222.46,4387
1755621300,18222.46,18230.31,18205.47,18213.66,2030
1755621600,18213.66,18214.03,18182.46,18185.84,2723
1755621900,18185.84,18202.86,18185.24,18200.3,1633
1755622200,18200.3,18228.41,18197.06,18220.67,2311
1755622500,18220.67,18237.15,18192.71,18195.49,2838
1755622800,18195.49,18236.32,18188.5,18231.27,5209
1755623100,18231.27,18233.06,18212.16,18232.04,3819
1755623400,18232.04,18260.13,18228.23,18250.19,2127
1755623700,18250.19,18284.02,18238.77,18257.87,2629
1755624000,18257.87,18258.47,18242.87,18252.51,1523
1755624300,18252.51,18277.33,18236.01,18262.11,2639
1755624600,18262.11,18290.11,18245.36,18274.51,3849
1755624900,18274.51,18278.62,18269.63,18277.67,1995
1755625200,18277.67,18310.66,18270.16,18300.93,3426
1755625500,18300.93,18308.17,18294.19,18297.49,3042
1755625800,18297.49,18305.92,18292.06,18301.67,1342
1755626100,18301.67,18308.82,18278.95,18301.75,3297
1755626400,18301.75,18311.22,18275.75,18284.82,2960
1755626700,18284.82,18326.6,18280.45,18318.22,2835
1755627000,18318.22,18331.4,18311.9,18325.86,3192
1755627300,18325.86,18337.64,18314.94,18334.85,1305
1755627600,18334.85,18336.6,18310.89,18325.47,1214
1755627900,18325.47,18337.84,18316.66,18329.35,2945
1755628200,18329.35,18350.75,18310.65,18349.54,3356
1755628500,18349.54,18380.32,18349.4,18379.44,2080
1755628800,18379.44,18385.34,18368.74,18382.54,3754
1755629100,18382.54,18415.44,18365.6,18411.19,1873
1755629400,18411.19,18433.14,18410.32,18411.3,3420
1755629700,18411.3,18412.34,18399.51,18405.85,3261
1755630000,18405.85,18409.25,18388.55,18397.19,1791
1755630300,18397.19,18405.21,18371.01,18373.85,4405
1755630600,18373.85,18396.25,18364.54,18391.31,2631
1755630900,18391.31,18407.68,18388.01,18399.06,2881
1755631200,18399.06,18406.27,18363.32,18373.14,2870
1755631500,18373.14,18391.42,18344.7,18369.46,3768
1755631800,18369.46,18375.51,18356.01,18366.95,3716
1755632100,18366.95,18371.53,18343.97,18361.64,1123
1755632400,18361.64,18376.12,18315.98,18328.07,694
1755632700,18328.07,18330.04,18308.58,18316.27,3263
1755633000,18316.27,18331.07,18262.97,18282.37,3102
1755633300,18282.37,18290.64,18237.24,18237.61,1959
1755696600,18237.61,18260.93,18237.22,18250.93,3398
1755696900,18250.93,18258.94,18248.01,18251.22,2685
1755697200,18251.22,18278.67,18244.21,18275.95,402
1755697500,18275.95,18290.07,18251.22,18252.46,2203
1755697800,18252.46,18266.71,18224.8,18254.05,4318
1755698100,18254.05,18291.2,18243.04,18279.23,3491
1755698400,18279.23,18297.58,18277.78,18291.72,3620
1755698700,18291.72,18298.71,18272.34,18277.78,3433
1755699000,18277.78,18294.08,18255.48,18273.54,3654
1755699300,18273.54,18285.92,18270.59,18283.27,3471
1755699600,18283.27,18299.76,18273.87,18294.32,3185
1755699900,18294.32,18300.31,18285.9,18298.36,2600
1755700200,18298.36,18320.31,18285.63,18294.27,2821
1755700500,18294.27,18297.85,18283.89,18290.36,1884
1755700800,18290.36,18304.25,18278.82,18286.63,4491
1755701100,18286.63,18327.85,18281.35,18314.12,3532
1755701400,18314.12,18319.18,18301.07,18316.37,3589
1755701700,18316.37,18328.04,18277.71,18285.53,2163
1755702000,18285.53,18304.14,18270.41,18272.66,2258
1755702300,18272.66,18290.58,18244.12,18280.34,1436
1755702600,18280.34,18297.24,18274.62,18281.9,3792
1755702900,18281.9,18302.79,18237.03,18261.19,1900
1755703200,18261.19,18279.18,18260.81,18261.53,2661
1755703500,18261.53,18284.01,18246.95,18274.52,2383
1755703800,18274.52,18304.02,18258.03,18291.07,3078
1755704100,18291.07,18294.68,18266.89,18273.21,2331
1755704400,18273.21,18297.65,18246.71,18285.97,3566
1755704700,18285.97,18297.9,18277.59,18287.43,1764
1755705000,18287.43,18300.14,18262.57,18276.68,2188
1755705300,18276.68,18291.23,18262.92,18267.92,2633
1755705600,18267.92,18272.12,18243.32,18252.72,2211
1755705900,18252.72,18268.96,18235.76,18252.31,2467
1755706200,18252.31,18260.06,18237.95,18254.08,806
1755706500,18254.08,18275.3,18249.51,18263.9,1827
1755706800,18263.9,18265.01,18257.17,18261.43,1925
1755707100,18261.43,18270.85,18249.73,18263.44,2916
1755707400,18263.44,18286.79,18248.36,18274.54,3908
1755707700,18274.54,18283.43,18254.04,18256.69,3498
1755708000,18256.69,18294.67,18250.37,18276.78,1986
1755708300,18276.78,18286.47,18258.09,18262.05,4267
1755708600,18262.05,18272.6,18229.25,18258.23,575
1755708900,18258.23,18262.62,18236.76,18255.38,3930
1755709200,18255.38,18270.88,18245.33,18268.17,3446
1755709500,18268.17,18307.02,18255.96,18285.57,1353
1755709800,18285.57,18286.15,18235.61,18242.15,1280
1755710100,18242.15,18262.32,18238.74,18252.12,1723
1755710400,18252.12,18267.11,18235.98,18253.46,1793
1755710700,18253.46,18259.12,18244.08,18244.22,955
1755711000,18244.22,18270.51,18231.05,18266.21,2127
1755711300,18266.21,18275.49,18248.07,18251.29,3156
1755711600,18251.29,18273.57,18237.09,18258.6,3094
1755711900,18258.6,18278.36,18257.89,18271.93,4111
1755712200,18271.93,18295.59,18271.9,18290.14,2516
1755712500,18290.14,18312.01,18271.62,18305.87,2365
1755712800,18305.87,18311.21,18273.71,18292.83,2204
1755713100,18292.83,18309.88,18291.95,18308.61,2214
1755713400,18308.61,18333.45,18303.94,18313.07,2008
1755713700,18313.07,18345.29,18294.39,18302.41,2128
1755714000,18302.41,18316.44,18296.17,18303.63,166
1755714300,18303.63,18342.85,18291.55,18335.88,3446
1755714600,18335.88,18348.04,18335.74,18340.15,4592
1755714900,18340.15,18360.84,18337.49,18345.38,1540
1755715200,18345.38,18348.58,18300.07,18310.88,2721
1755715500,18310.88,18346.97,18307.82,18335.39,3251
1755715800,18335.39,18354.49,18329.49,18348.75,2365
1755716100,18348.75,18354.94,18323.84,18338.32,1176
1755716400,18338.32,18371.02,18335.25,18360.7,3225
1755716700,18360.7,18393.62,18349.4,18381.79,2250
1755717000,18381.79,18399.73,18378.93,18395.39,2854
1755717300,18395.39,18397.18,18386.4,18396.67,1451
1755717600,18396.67,18398.94,18384.02,18395.73,2280
1755717900,18395.73,18398.3,18377.49,18393.5,2821
1755718200,18393.5,18411.24,18378.94,18402.95,1488
1755718500,18402.95,18421.48,18395.75,18409.39,2176
1755718800,18409.39,18409.91,18394.37,18404.22,2564
1755719100,18404.22,18432.76,18402.43,18427.71,4094
1755719400,18427.71,18458.55,18426.84,18458.47,2582
1755719700,18458.47,18473.63,18441.44,18463.99,4191
1755783000,18463.99,18482.63,18454.43,18473.62,2308
1755783300,18473.62,18477.03,18452.53,18471.92,3359
1755783600,18471.92,18493.06,18467.59,18490.27,2422
1755783900,18490.27,18505.25,18468.07,18480.3,2655
1755784200,18480.3,18535.15,18478.1,18497.5,1796
1755784500,18497.5,18529.13,18495.93,18514.46,1013
1755784800,18514.46,18530.68,18513.35,18522.0,1442
1755785100,18522.0,18524.0,18503.56,18509.44,2944
1755785400,18509.44,18520.83,18487.67,18501.29,1497
1755785700,18501.29,18517.08,18485.34,18493.79,1512
1755786000,18493.79,18516.16,18493.57,18508.46,3384
1755786300,18508.46,18519.7,18493.5,18505.99,2181
1755786600,18505.99,18507.22,18466.18,18476.63,3559
1755786900,18476.63,18492.63,18470.46,18480.63,1237
1755787200,18480.63,18493.24,18478.43,18485.17,3749
1755787500,18485.17,18498.47,18467.02,18490.75,4116
1755787800,18490.75,18521.87,18479.23,18512.84,4037
1755788100,18512.84,18516.62,18489.29,18503.55,2723
1755788400,18503.55,18529.34,18502.78,18520.7,2477
1755788700,18520.7,18524.34,18489.5,18496.67,3765
1755789000,18496.67,18504.96,18483.6,18486.81,2583
1755789300,18486.81,18501.31,18478.78,18492.2,2682
1755789600,18492.2,18505.62,18477.48,18484.87,3005
1755789900,18484.87,18502.58,18445.91,18451.56,2345
1755790200,18451.56,18467.6,18429.65,18444.23,1709
1755790500,18444.23,18451.2,18398.65,18417.39,4093
1755790800,18417.39,18446.35,18415.13,18437.48,3868
1755791100,18437.48,18440.84,18401.36,18414.84,1704
1755791400,18414.84,18414.97,18359.23,18382.09,2396
1755791700,18382.09,18398.35,18374.0,18397.77,3011
1755792000,18397.77,18416.42,18390.37,18409.12,2688
1755792300,18409.12,18421.31,18397.87,18413.85,954
1755792600,18413.85,18423.11,18405.99,18411.82,2506
1755792900,18411.82,18430.89,18399.65,18428.53,2368
1755793200,18428.53,18448.39,18407.64,18446.7,1129
1755793500,18446.7,18457.57,18419.96,18427.87,3798
1755793800,18427.87,18448.29,18418.31,18445.98,2809
1755794100,18445.98,18468.32,18444.7,18466.82,2591
1755794400,18466.82,18483.8,18465.94,18472.16,2879
1755794700,18472.16,18492.74,18435.29,18438.02,3610
1755795000,18438.02,18481.61,18426.69,18465.91,4977
1755795300,18465.91,18481.45,18450.25,18462.94,3547
1755795600,18462.94,18472.9,18436.33,18449.3,3303
1755795900,18449.3,18476.14,18430.83,18465.39,2659
1755796200,18465.39,18483.46,18449.02,18477.47,3709
1755796500,18477.47,18484.63,18458.07,18466.02,2698
1755796800,18466.02,18487.74,18458.38,18473.53,2376
1755797100,18473.53,18480.38,18462.98,18474.62,899
1755797400,18474.62,18482.7,18472.06,18474.44,1058
1755797700,18474.44,18488.55,18451.15,18480.9,3994
1755798000,18480.9,18488.67,18467.18,18473.83,2222
1755798300,18473.83,18478.6,18428.08,18447.92,1727
1755798600,18447.92,18465.77,18436.25,18459.61,532
1755798900,18459.61,18475.36,18443.77,18446.0,3184
1755799200,18446.0,18454.72,18426.67,18429.47,2095
1755799500,18429.47,18454.53,18413.38,18415.58,3218
1755799800,18415.58,18448.69,18401.83,18428.92,920
1755800100,18428.92,18453.11,18412.58,18419.51,3782
1755800400,18419.51,18431.13,18419.07,18428.09,1380
1755800700,18428.09,18435.72,18392.11,18399.69,1572
1755801000,18399.69,18402.09,18379.03,18380.73,2175
1755801300,18380.73,18386.19,18366.68,18381.11,1175
1755801600,18381.11,18391.08,18353.28,18370.95,3281
1755801900,18370.95,18394.64,18367.29,18374.21,3529
1755802200,18374.21,18379.08,18352.77,18375.7,3591
1755802500,18375.7,18399.54,18330.76,18337.52,3502
1755802800,18337.52,18385.39,18336.37,18367.44,3016
1755803100,18367.44,18369.99,18357.54,18368.69,2946
1755803400,18368.69,18370.9,18337.99,18344.01,4161
1755803700,18344.01,18369.9,18341.83,18357.21,1833
1755804000,18357.21,18369.27,18331.4,18341.4,4012
1755804300,18341.4,18388.44,18335.27,18378.38,2376
1755804600,18378.38,18388.93,18363.26,18365.28,2832
1755804900,18365.28,18375.31,18361.75,18369.64,1514
1755805200,18369.64,18422.49,18350.61,18404.97,2374
1755805500,18404.97,18423.79,18381.87,18383.24,2829
1755805800,18383.24,18394.72,18370.26,18393.82,791
1755806100,18393.82,18430.34,18388.71,18408.42,3467
